phone_number,email,password,name,age,gender,role,city
1234567890,johnsmith@example.com,pass1234,John Smith,25,Male,guide,Delhi
2345678901,emmaparker@example.com,password,Emma Parker,30,Female,guide,Kashmir
3456789012,michaelbrown@example.com,securepass,Michael Brown,40,Male,guide,Mumbai
4567890123,sophiawilliams@example.com,pass1234,Sophia Williams,35,Female,guide,Delhi
5678901234,williamolivia@example.com,randompass,William Olivia,45,Male,guide,Kashmir
6789012345,jamesava@example.com,password123,James Ava,50,Male,guide,Mumbai
7890123456,alexanderisabella@example.com,securepass123,Alexander Isabella,20,Male,guide,Delhi
8901234567,oliviawilliam@example.com,pass1234,Olivia William,55,Female,guide,Kashmir
9012345678,johnsmith1@example.com,password1,John Smith,28,Male,guide,Mumbai
0123456789,emmaparker1@example.com,randompass1,Emma Parker,22,Female,guide,Delhi
